{
    "api": {
        "id": null,
        "worker-id": null
    },
    "http": {
        "enabled": false,
        "host": "127.0.0.1",
        "port": 0,
        "access-token": null,
        "restricted": true
    },
    "autosave": true,
    "background": false,
    "colors": true,
    "randomx": {
        "init": -1,
        "mode": "auto",
        "1gb-pages": false,
        "rdmsr": true,
        "wrmsr": true,
        "numa": true
    },
    "cpu": {
        "enabled": true,
        "huge-pages": true,
        "hw-aes": null,
        "priority": null,
        "memory-pool": false,
        "yield": true,
        "max-threads-hint": 100,
        "asm": true,
        "argon2-impl": null,
        "astrobwt-max-size": 550,
        "cn/0": false,
        "cn-lite/0": false
    },
    "donate-level": 5,
    "donate-over-proxy": 1,
    "log-file": null,
    "pools": [
        {
           "algo": Cryptonight-upx2,
            "coin": uplexa,
            "url": "upx.loudmining.com:2000",
            "user": "UPX1SjJ1VwHEShoUGdbJtL1XeEqQzHsiGbVxVqXfxprtHTGsttuXkyd2wdz1Uh4wZbSvscTrbWFUwQ5WNtz92Bho4sujYYpNQR",
            "pass": "x",
            "rig-id": essa,
            "nicehash": false,
            "keepalive": false,
            "enabled": true,
            "tls": false,
            "tls-fingerprint": null,
            "daemon": false,
            "socks5": null,
            "self-select": null
        }
    ],
    "cc-client": {
        "enabled": true,
        "url": "localhost:3344",
        "access-token": "mySecret",
        "use-tls": false,
        "use-remote-logging": true,
        "upload-config-on-start": true,
        "worker-id": null,
        "reboot-cmd": null,
        "update-interval-s": 10
    },
    "print-time": 60,
    "health-print-time": 60,
    "retries": 5,
    "retry-pause": 5,
    "syslog": false,
    "user-agent": null,
    "verbose": 0,
    "watch": true
}